Id,class_0,class_1
00eed32682bb,0.6549667291064291,0.34503327089357094
010ebe33f668,0.6549667291064291,0.34503327089357094
02fa521e1838,0.6549667291064291,0.34503327089357094
040e15f562a2,0.6549667291064291,0.34503327089357094
046e85c7cc7f,0.6549667291064291,0.34503327089357094
