Id,class_0,class_1
00eed32682bb,0.7749589094739676,0.2250410905260324
010ebe33f668,0.7749589094739676,0.2250410905260324
02fa521e1838,0.7749589094739676,0.2250410905260324
040e15f562a2,0.7749589094739676,0.2250410905260324
046e85c7cc7f,0.7749589094739676,0.2250410905260324
