Id,class_0,class_1
00eed32682bb,0.7149628192901983,0.28503718070980166
010ebe33f668,0.7149628192901983,0.28503718070980166
02fa521e1838,0.7149628192901983,0.28503718070980166
040e15f562a2,0.7149628192901983,0.28503718070980166
046e85c7cc7f,0.7149628192901983,0.28503718070980166
